guide,MIT_score_min
AAACTCGAACAGGACTTTGG,0.3149999999999999
AACAAGGATGACAAGCACAG,1.0
AACGCTGCTGCTATCGGTGC,0.3149999999999999
AATGGTTCGGTATGCGGGCG,0.3149999999999999
ACCATCCAGTACCAGAAGAA,1.0
ACGCCCAATGGTTCGGTATG,0.3149999999999999
ACGCCCGCATACCGAACCAT,1.0
ACTGAACGTCCGATAAAGGT,0.3149999999999999
AGAGCCTTACTGCCCGAAGG,0.3149999999999999
AGCAAGACAGCAGAACTAGA,0.3149999999999999
AGCAGCAGCAACAACGGCGG,0.3149999999999999
AGCAGCAGCAGCAACAACGG,0.3149999999999999
AGCGACGGAATAGTGTATGG,0.3149999999999999
ATAACCAGCAGCAGCAGCAA,1.0
ATCGCCAGCATCAATGCAGC,0.3149999999999999
ATGGTTAACGCTGCTGCTAT,1.0
ATTGCCCAATATTATGCACC,0.3149999999999999
CACCAGATAAACCGCCAGCA,0.3149999999999999
CACTTCCTATCTCGACATGC,0.3149999999999999
CAGCCACTGACCAGCAGCAC,1.0
CAGGACTTTGGCGGCTCCAT,1.0
CAGTACCAGAAGAACGGCGT,0.3149999999999999
CATACCGAACCATTGGGCGT,0.3149999999999999
CATCAATGCAGCGGCTAATG,0.3149999999999999
CCATTGGGCGTTGGTCACGG,0.3149999999999999
CCCGCTCAGCATCAATGCAG,1.0
CCCGCTGCATTGATGCTGAG,1.0
CCGCCGTGACCAACGCCCAA,1.0
CCGCTCAGCATCAATGCAGC,0.3149999999999999
CCGCTGCATTGATGCTGAGC,0.3149999999999999
CGACGCCGTTCTTCTGGTAC,1.0
CGCCCAATGGTTCGGTATGC,0.3149999999999999
CGCCCGCATACCGAACCATT,0.3149999999999999
CGCCGTGCTGGCGGTTTATC,0.3149999999999999
CGCGACCGGGTGCATAATAT,1.0
CGGCTCCATCGGTGTGTACG,0.3149999999999999
CGGTGCTCAGCTTCGCGACC,0.3149999999999999
CGGTGCTGGTATCGCCGTGC,0.3149999999999999
CGTGCTGGCGGTTTATCTGG,0.3149999999999999
CGTGGCGATCTGGTTTTCGA,0.3149999999999999
CTCCATCGGTGTGTACGCGG,0.3149999999999999
CTGCATTGATGCTGGCGATC,0.3149999999999999
CTGCTGCTGCTGGCTGCTGC,0.3149999999999999
CTGCTGCTGGCTGCTGCTGG,0.3149999999999999
CTGCTGCTGGCTGTTGCTGC,0.3149999999999999
CTGGTTATCGCCGGTGCTGC,0.3149999999999999
CTGTGCTTGTCATCCTTGTT,0.3149999999999999
GAACCATTGGGCGTTGGTCA,0.3149999999999999
GATAACGCCGCCGCCTAACA,0.3149999999999999
GATCGCCAGCATCAATGCAG,1.0
GATGCTGGTGCTATCGGTGC,0.3149999999999999
GCAGCAATGCCAACCTTTAT,1.0
GCCAGCAGCAGCAGCAACAA,1.0
GCCGCTGCATTGATGCTGAG,1.0
GCCGTTCTTCTGGTACTGGA,0.3149999999999999
GCCGTTGTTGCTGCTGCTGC,0.3149999999999999
GCCTTACTGCCCGAAGGCGG,0.3149999999999999
GCGACCGGGTGCATAATATT,0.3149999999999999
GCGATAACGCCGCCGCCTTC,0.3149999999999999
GCGGTGCTCAGCTTCGCGAC,1.0
GCTAAACTCGAACAGGACTT,0.3149999999999999
GCTATGCTGCTGGTTATCGC,0.3149999999999999
GCTGCTGCTGGCTATGCTGC,0.3149999999999999
GCTGCTGCTGTTGCTGATGC,0.3149999999999999
GCTGGTTATGCGTTTGCTGC,0.3149999999999999
GCTGGTTTCGGTGCCGTGAT,1.0
GGCGATAACGCCGCCGCCTT,0.3149999999999999
GGCGATACCAGCACCGAACA,0.3149999999999999
GGCGATAGCACCAGCAGCAC,1.0
GGCGGCCGGCATGTCGAGAT,1.0
GGCGGTTTATCTGGTGGTGC,0.3149999999999999
GGCTGTGCCGTGTTCGGTGC,0.3149999999999999
GGTATGCGGGCGTGGCGATC,0.3149999999999999
GGTGCCCGCTGCATTGATGC,0.3149999999999999
GGTGCCGTGATCGGTGGTGC,0.3149999999999999
GGTGCCGTTGCTGCTGCTGC,0.3149999999999999
GGTGCTATCGCCGGTGCTGC,0.3149999999999999
GGTGCTGCTGCTATCGGTGC,0.3149999999999999
GGTGCTGCTGCTGCTGCTGC,0.3149999999999999
GGTGCTGCTGGTGCTATCGC,0.3149999999999999
GGTGCTGGTGCTGCTGCTAT,1.0
GGTGCTGGTGGTGCTGGTTT,0.3149999999999999
GGTTTATCTGGTGGTGCTGG,0.3149999999999999
GGTTTCGGTGCCGTGATCGG,0.3149999999999999
GTCAGTGGCTGTGCCGTGTT,0.3149999999999999
GTCCTGTTCGAGTTTAGCGA,0.3149999999999999
GTGACCAACGCCCAATGGTT,0.3149999999999999
GTTGCTGATGCTGGTGCTAT,1.0
TATGACTGAACGTCCGATAA,1.0
TCGCCGGTGCTGCTGGTCAG,1.0
TCTGGTGGTGCTGGTGGTGC,0.3149999999999999
TGATGCAGCATACTTCTGTG,0.3149999999999999
TGCTGCTATCGTTGCTGCTA,0.3149999999999999
TGCTGGCTGTTGCTGCTGGC,0.3149999999999999
TGCTGGTATCGCCGTGCTGG,0.3149999999999999
TGCTTGTCATCCTTGTTAGG,0.3149999999999999
TGGCGATCTGGTTTTCGATC,0.3149999999999999
TGGTACCGACGCCGTTCTTC,0.3149999999999999
TGTTGCTGCTGGCTGGCTGC,0.3149999999999999
TTAACCAGCACCACCGATCA,0.3149999999999999
TTCAGAGCCTTACTGCCCGA,0.3149999999999999
TTCCGTCGCTAAACTCGAAC,1.0
TTGTCATCCTTGTTAGGCGG,0.3149999999999999
TTTAGCGACGGAATAGTGTA,0.3149999999999999
TTTCGATCTGGTTTTCGATC,0.3149999999999999
