gene,spacer,spacer_rna,rna_structure,mfe,rna_accessibility_score
blaKPC,AGAGCCTTACTGCCCGAAGG,AGAGCCUUACUGCCCGAAGG,....((((........)))),-1.5,
blaKPC,GCCTTACTGCCCGAAGGCGG,GCCUUACUGCCCGAAGGCGG,(((((........)))))..,-6.4,
blaKPC,CGGCTCCATCGGTGTGTACG,CGGCUCCAUCGGUGUGUACG,..((.((...)).)).....,-0.8,
blaKPC,AGCGACGGAATAGTGTATGG,AGCGACGGAAUAGUGUAUGG,.((.((......))))....,-0.4,
blaKPC,AGCGACGGAATAGTGTATGG,AGCGACGGAAUAGUGUAUGG,.((.((......))))....,-0.4,
blaKPC,AGCAGCAGCAGCAACAACGG,AGCAGCAGCAGCAACAACGG,.((....))...........,-0.8,
blaKPC,AGCAGCAGCAACAACGGCGG,AGCAGCAGCAACAACGGCGG,.((....))...........,-0.8,
blaKPC,AACAAGGATGACAAGCACAG,AACAAGGAUGACAAGCACAG,....................,0.0,
blaKPC,TGCTTGTCATCCTTGTTAGG,UGCUUGUCAUCCUUGUUAGG,..........(((....))),-0.8,
blaKPC,TTGTCATCCTTGTTAGGCGG,UUGUCAUCCUUGUUAGGCGG,.......(((....)))...,-1.2,
blaKPC,GCCGTTGTTGCTGCTGCTGC,GCCGUUGUUGCUGCUGCUGC,((.((.((....)).)).)),-2.1,
blaKPC,CTGCTGCTGGCTGTTGCTGC,CUGCUGCUGGCUGUUGCUGC,.....((.(((....))))),-3.0,
blaKPC,TGCTGGCTGTTGCTGCTGGC,UGCUGGCUGUUGCUGCUGGC,.((((((.......)))))),-6.8,
blaKPC,TGTTGCTGCTGGCTGGCTGC,UGUUGCUGCUGGCUGGCUGC,....((.(((....))).)),-3.2,
blaKPC,GGCGATAACGCCGCCGCCTT,GGCGAUAACGCCGCCGCCUU,((((....))))........,-6.3,
blaKPC,GCCAGCAGCAGCAGCAACAA,GCCAGCAGCAGCAGCAACAA,((..((....)).)).....,-2.1,
blaKPC,GATAACGCCGCCGCCTAACA,GAUAACGCCGCCGCCUAACA,....................,0.0,
blaKPC,TTCAGAGCCTTACTGCCCGA,UUCAGAGCCUUACUGCCCGA,....................,0.0,
blaKPC,TTCCGTCGCTAAACTCGAAC,UUCCGUCGCUAAACUCGAAC,....................,0.0,
blaKPC,TTCCGTCGCTAAACTCGAAC,UUCCGUCGCUAAACUCGAAC,....................,0.0,
blaKPC,GCGATAACGCCGCCGCCTTC,GCGAUAACGCCGCCGCCUUC,(((....)))..........,-2.1,
blaKPC,GTCCTGTTCGAGTTTAGCGA,GUCCUGUUCGAGUUUAGCGA,.(((((........))).)),-0.2,
blaKPC,TTTAGCGACGGAATAGTGTA,UUUAGCGACGGAAUAGUGUA,....((.((......)))).,-0.4,
blaKPC,GTCCTGTTCGAGTTTAGCGA,GUCCUGUUCGAGUUUAGCGA,.(((((........))).)),-0.2,
blaKPC,TTTAGCGACGGAATAGTGTA,UUUAGCGACGGAAUAGUGUA,....((.((......)))).,-0.4,
blaKPC,AGCAAGACAGCAGAACTAGA,AGCAAGACAGCAGAACUAGA,.((......)).........,-1.0,
blaKPC,CTCCATCGGTGTGTACGCGG,CUCCAUCGGUGUGUACGCGG,........(((....)))..,-1.0,
blaKPC,GCTAAACTCGAACAGGACTT,GCUAAACUCGAACAGGACUU,....................,0.0,
blaKPC,GCTAAACTCGAACAGGACTT,GCUAAACUCGAACAGGACUU,....................,0.0,
blaKPC,CTGTGCTTGTCATCCTTGTT,CUGUGCUUGUCAUCCUUGUU,....................,0.0,
blaKPC,AAACTCGAACAGGACTTTGG,AAACUCGAACAGGACUUUGG,....................,0.0,
blaKPC,AAACTCGAACAGGACTTTGG,AAACUCGAACAGGACUUUGG,....................,0.0,
blaKPC,CAGGACTTTGGCGGCTCCAT,CAGGACUUUGGCGGCUCCAU,..(((((.....)).)))..,-2.1,
blaKPC,CAGGACTTTGGCGGCTCCAT,CAGGACUUUGGCGGCUCCAU,..(((((.....)).)))..,-2.1,
mecA,ACTGAACGTCCGATAAAGGT,ACUGAACGUCCGAUAAAGGU,.........((......)).,-0.9,
mecA,AACGCTGCTGCTATCGGTGC,AACGCUGCUGCUAUCGGUGC,..(((((.......))))).,-3.0,
mecA,GGTGCTGCTGCTATCGGTGC,GGUGCUGCUGCUAUCGGUGC,(((((....)).))).....,-2.8,
mecA,GGTGCTGCTGCTATCGGTGC,GGUGCUGCUGCUAUCGGUGC,(((((....)).))).....,-2.8,
mecA,GGTGCTGCTGCTATCGGTGC,GGUGCUGCUGCUAUCGGUGC,(((((....)).))).....,-2.8,
mecA,GGTGCTGCTGCTATCGGTGC,GGUGCUGCUGCUAUCGGUGC,(((((....)).))).....,-2.8,
mecA,GGTGCTGCTGCTATCGGTGC,GGUGCUGCUGCUAUCGGUGC,(((((....)).))).....,-2.8,
mecA,GGTGCTGCTGCTATCGGTGC,GGUGCUGCUGCUAUCGGUGC,(((((....)).))).....,-2.8,
mecA,GGTGCTGCTGCTATCGGTGC,GGUGCUGCUGCUAUCGGUGC,(((((....)).))).....,-2.8,
mecA,GCTGCTGCTGTTGCTGATGC,GCUGCUGCUGUUGCUGAUGC,((.((....)).))......,-2.5,
mecA,GATGCTGGTGCTATCGGTGC,GAUGCUGGUGCUAUCGGUGC,(((((....)).))).....,-3.4,
mecA,TGCTGCTATCGTTGCTGCTA,UGCUGCUAUCGUUGCUGCUA,.((.((.......)).))..,-3.7,
mecA,ATGGTTAACGCTGCTGCTAT,AUGGUUAACGCUGCUGCUAU,.........((....))...,-1.3,
mecA,GGTGCTGGTGCTGCTGCTAT,GGUGCUGGUGCUGCUGCUAU,(((((....)).))).....,-2.3,
mecA,GGTGCTGGTGCTGCTGCTAT,GGUGCUGGUGCUGCUGCUAU,(((((....)).))).....,-2.3,
mecA,GGTGCTGGTGCTGCTGCTAT,GGUGCUGGUGCUGCUGCUAU,(((((....)).))).....,-2.3,
mecA,GGTGCTGGTGCTGCTGCTAT,GGUGCUGGUGCUGCUGCUAU,(((((....)).))).....,-2.3,
mecA,GGTGCTGGTGCTGCTGCTAT,GGUGCUGGUGCUGCUGCUAU,(((((....)).))).....,-2.3,
mecA,GGTGCTGGTGCTGCTGCTAT,GGUGCUGGUGCUGCUGCUAU,(((((....)).))).....,-2.3,
mecA,GGTGCTGGTGCTGCTGCTAT,GGUGCUGGUGCUGCUGCUAU,(((((....)).))).....,-2.3,
mecA,GTTGCTGATGCTGGTGCTAT,GUUGCUGAUGCUGGUGCUAU,...((....)).........,-1.1,
mecA,TATGACTGAACGTCCGATAA,UAUGACUGAACGUCCGAUAA,...(((.....)))......,-1.1,
mecA,GCAGCAATGCCAACCTTTAT,GCAGCAAUGCCAACCUUUAU,(((....)))..........,-1.9,
